"","S.124.sti.1_FPKM","S.124.1_FPKM","log2_foldchange"
"ENSG00000004455",48.4127467174081,23.7126623381103,1.02972929799132
"ENSG00000004478",22.4396553861173,9.35266654950739,1.26260086292647
"ENSG00000006327",2.37553007499637,1.16616390492015,1.02647889756152
"ENSG00000011028",1.2512018973681,0.511802033687063,1.28965682034721
"ENSG00000011422",2.80546340831205,0.605678723022148,2.21161445909962
"ENSG00000011590",72.6718139723247,4.80013835078974,3.92024802484096
"ENSG00000023445",37.7521674580497,18.2689075078548,1.04716911351784
"ENSG00000025039",2.53532682022877,0.962863901798061,1.39676793549457
"ENSG00000031081",1.3491259038459,0.586999807970573,1.20059305403464
"ENSG00000049249",17.8467944185953,0.695361061339859,4.68175887360983
"ENSG00000049768",24.9206071749511,4.3113882614152,2.53111482398695
"ENSG00000050405",8.0754682182199,3.09474747860905,1.3837242151597
"ENSG00000056736",5.08755537206576,2.4548432260834,1.05134169901214
"ENSG00000059804",121.42681582343,31.8679469562037,1.92990907686747
"ENSG00000060558",49.104224961068,5.08872072764183,3.27047223780496
"ENSG00000060982",2.53038749258093,0.999186616810246,1.34053227129826
"ENSG00000061656",2.25105591759341,0.705900829536807,1.67306447288159
"ENSG00000065911",31.5552491938181,14.7375018991887,1.09838801736878
"ENSG00000065923",5.03299771042794,0.745837949225853,2.75448383120304
"ENSG00000066230",1.11666644442661,0.440673832830867,1.34141517054191
"ENSG00000067177",1.59367126687653,0.123274050827183,3.69241301970007
"ENSG00000067208",6.24850206570251,0.147691491391063,5.40285175940107
"ENSG00000067225",212.243226815528,87.1726037501319,1.2837718076525
"ENSG00000068796",75.6911486506035,32.9105433135067,1.20157475699238
"ENSG00000070669",18.0137712064375,5.68294933496613,1.66438848440568
"ENSG00000072110",3.71579798424457,1.54910508518455,1.26223705505907
"ENSG00000072682",4.27074185083576,0.562582367406693,2.92435045432891
"ENSG00000073060",2.67259175826888,0.943729817996033,1.50179368872832
"ENSG00000073150",2.49320879783196,0.156285806996142,3.99574503683968
"ENSG00000074266",10.6993105353666,4.52146190514056,1.24265661854998
"ENSG00000074695",47.1396966912392,21.7654537400234,1.11490237994046
"ENSG00000075426",19.5256156346357,7.12994074169766,1.45340604534907
"ENSG00000075618",10.6985889250177,0.97145821740314,3.46112477019778
"ENSG00000076604",16.4074088557068,5.78878518940303,1.50301489179605
"ENSG00000078081",2.40285391731761,0.745382780475401,1.68869554576082
"ENSG00000081181",6.10377475802675,0.388983161610333,3.97192211473777
"ENSG00000083454",2.98535187220879,0.813985582399216,1.87482584025102
"ENSG00000084444",2.41497069334168,0.486625978539096,2.31112043571924
"ENSG00000086506",1.20891537381802,1e-08,26.8491380160547
"ENSG00000087074",38.6088512171698,16.1569435747567,1.25677732057648
"ENSG00000087250",1.27197728442386,0.0750460613666922,4.08315273924739
"ENSG00000088826",2.67969332273005,0.426340991713483,2.65198822210201
"ENSG00000089692",59.9078535861142,7.74456115776831,2.95148974795211
"ENSG00000090104",4.08863647484502,1.06245217131869,1.94422190042707
"ENSG00000090339",19.9953883334287,4.17924340447606,2.25835360959384
"ENSG00000091137",1.1013288189337,0.0724937171075531,3.92524549723391
"ENSG00000091972",1.25485236638169,0.243237132811139,2.36708224691647
"ENSG00000095397",2.55299518368829,0.32748439145018,2.96269276433481
"ENSG00000096384",362.441328006102,169.121591005093,1.09968661659113
"ENSG00000099840",7.45638968927777,2.13446287639688,1.80460418999735
"ENSG00000099860",52.1698633387078,12.7752557360538,2.0298644827339
"ENSG00000100450",28.6293749933383,6.42379036698073,2.15599945722658
"ENSG00000100453",319.809728367575,57.1096599891519,2.48540712473341
"ENSG00000100906",71.2314572255519,26.3263706407758,1.43600585984781
"ENSG00000101210",3.43825370180631,0.0319497057512371,6.74972954770121
"ENSG00000102003",2.03714786359107,0.655120495817178,1.63671851017409
"ENSG00000102024",1.68455545371863,0.509249689427924,1.72592282072132
"ENSG00000102144",224.430626155481,109.017385765759,1.04171133178136
"ENSG00000102471",26.7728468777712,5.75246247439085,2.21851898310051
"ENSG00000102878",6.82684404812029,3.07154382137971,1.15225482922338
"ENSG00000102962",19.3591469444868,0.0399371296890464,8.92106901776139
"ENSG00000102970",1.53713660290178,1e-08,27.1956701398542
"ENSG00000103257",29.3908333586664,11.1020641148044,1.40453833643326
"ENSG00000103522",9.0582590652285,4.47778560318459,1.01644834743644
"ENSG00000103942",2.76484068766029,1.19616814807952,1.20877614689097
"ENSG00000104290",1.04048382042187,0.363807106462365,1.51600890185929
"ENSG00000104331",19.2581017753232,9.02098781703983,1.09410818184736
"ENSG00000104808",1.17767287454691,0.265557397866332,2.14884322789236
"ENSG00000104951",1.36515426727504,0.476693102009417,1.51793133587137
"ENSG00000105220",107.837868312939,38.8304821763677,1.47360235631991
"ENSG00000105246",18.6730595698098,0.260247095777722,6.16493245755126
"ENSG00000105370",1.23831849949274,0.255722353599957,2.27573224576883
"ENSG00000105376",1.95950787979881,0.131261474764992,3.8999759219219
"ENSG00000105642",1.01897268392755,0.0363227250121853,4.8100991259007
"ENSG00000105668",1.36197135976373,0.646249679705221,1.07553280042276
"ENSG00000105810",39.0262329664496,17.5318964431311,1.15446215004863
"ENSG00000105835",51.5180488898272,6.22445215597893,3.04905918687881
"ENSG00000105877",1.5366761109443,0.193215413675597,2.99153102239219
"ENSG00000106086",2.99902569480338,1.29863915301968,1.20749327152975
"ENSG00000106211",12.8091211031446,5.19568952943301,1.30178435902879
"ENSG00000106366",1.51921419059558,0.586089470469668,1.37413246291272
"ENSG00000107833",28.4827800338869,10.2686041183991,1.47184988643632
"ENSG00000108091",11.8473712368945,4.82094138667675,1.29718018655861
"ENSG00000108176",2.45964263013904,0.307743415980883,2.99864882030988
"ENSG00000108272",1.19735877653444,0.462360260892033,1.37276619514127
"ENSG00000108861",4.43694942259311,2.01043022098561,1.14206384454084
"ENSG00000108924",3.91545789782224,0.0242657276470627,7.33411710252984
"ENSG00000109107",84.2144070974644,29.0438516149355,1.5358342782147
"ENSG00000109255",1.08124416981416,0.0274249635734715,5.30105883897113
"ENSG00000109471",1.23947679893124,1e-08,26.8851560257796
"ENSG00000110218",11.1749100790762,5.23699215537341,1.09345287369904
"ENSG00000110492",2.08577639929583,0.731835499268861,1.51099320191197
"ENSG00000110660",4.13514071569397,1.68476651453724,1.29538775647338
"ENSG00000111424",36.9765271724336,3.25057810685474,3.50784150786333
"ENSG00000111536",1.83087774992245,0.235097985956512,2.96120137889619
"ENSG00000111537",103.882080408425,5.50492321925531,4.23808055979498
"ENSG00000111674",78.240757781059,20.2713772402294,1.94847623417632
"ENSG00000112379",1.25462212040295,0.0277284094071063,5.49974423308937
"ENSG00000112715",6.91202935500806,1.58557952311355,2.12409910841548
"ENSG00000113356",4.04491639437536,0.986674450694671,2.03546382663137
"ENSG00000113520",1.06408130981445,0.434480138568109,1.29224626233291
"ENSG00000113522",23.9520882712351,11.6827993315757,1.03576544154147
"ENSG00000113525",3.99738441328364,0.341817232567564,3.54775928112984
"ENSG00000113739",6.69500720786468,0.659645237994943,3.34332336249344
"ENSG00000114023",26.917773559013,6.9577779290892,1.95186054731195
"ENSG00000114268",23.1947717392907,3.22810611888273,2.84503973781054
"ENSG00000114480",21.6710478505921,4.44386350951473,2.28588250206811
"ENSG00000115008",1.27291240742842,0.0274249635734715,5.5364996322465
"ENSG00000115165",136.758933438124,54.6545062799956,1.32322272003015
"ENSG00000115457",18.4443052546848,2.512299368143,2.87609515518382
"ENSG00000115756",18.2716392506666,7.9491018895517,1.20074229675544
"ENSG00000116014",1.63299805934925,0.287243825927499,2.50717528764517
"ENSG00000116717",20.5408619556345,6.13105758072105,1.74428886359559
"ENSG00000116761",3.62627147040698,0.584420518384676,2.63340819671268
"ENSG00000117308",3.9272756134973,1.83756268444658,1.09573538371554
"ENSG00000118503",99.2272295688864,18.8624044459218,2.39522248167694
"ENSG00000118513",5.15129128728469,2.08727000202736,1.30331688705543
"ENSG00000118985",13.7336491442211,2.88105943020682,2.25304368674532
"ENSG00000119508",10.6223516257323,0.123729219577635,6.42377313809121
"ENSG00000119950",18.9730333784238,5.93918073797005,1.67561451124953
"ENSG00000120129",4.56235163345583,2.13840767223414,1.0932407247164
"ENSG00000120254",9.16991863912637,2.69264526921587,1.76788475263983
"ENSG00000120875",24.038287179276,7.84501582318006,1.61548583993738
"ENSG00000120949",6.35914096890241,0.771924341874725,3.04230053313682
"ENSG00000121594",6.29431556861524,1.22465516207071,2.36167393778075
"ENSG00000121966",57.4761876042751,27.2610240190895,1.07612461518598
"ENSG00000122884",50.0404922396709,16.2715864056083,1.62074106704816
"ENSG00000123178",2.72009286694787,1.33195435502228,1.03011126421775
"ENSG00000123213",1.45939693232652,0.498986421737853,1.54829986326595
"ENSG00000123358",1.81149090828394,0.284236312917908,2.67201478051296
"ENSG00000123685",3.59443085043785,1.18229047571259,1.60417881614938
"ENSG00000123689",2.19083991219233,0.130502860180905,4.06933073714263
"ENSG00000124145",15.9148052893725,5.38435324560408,1.56352453880095
"ENSG00000124212",9.42589004024484,4.60361198827091,1.0338626091765
"ENSG00000124762",36.885968443042,10.8030936926722,1.77162759661806
"ENSG00000125170",2.74223299655294,1.28643043273774,1.0919777148629
"ENSG00000125629",19.4791255328763,5.74687567179536,1.76107916936659
"ENSG00000125657",4.70426390833957,0.784106116829908,2.58484817788676
"ENSG00000125726",22.6456123003473,11.0913995690174,1.02979012447221
"ENSG00000125733",7.81435811588758,2.36260854350655,1.72574676128508
"ENSG00000125740",7.23817130073835,0.627240373493254,3.52853492206501
"ENSG00000126249",3.70049123116439,1.66757788332709,1.14996265441556
"ENSG00000126353",86.947205187356,18.017531238189,2.27073830794754
"ENSG00000128050",58.3077451056112,23.6903151277284,1.29939014212606
"ENSG00000128604",3.35125022995654,1.39087383559653,1.26870785242714
"ENSG00000128641",3.41362847217095,0.0721902712739183,5.56335781328227
"ENSG00000128965",5.01319798256781,0.610685579277123,3.03722952763683
"ENSG00000130513",1.39493233721383,0.0961525430873461,3.85872631881398
"ENSG00000130656",1.11788648869058,1e-08,26.7361984620231
"ENSG00000130812",2.45945032611783,1.03010119747052,1.25554984183805
"ENSG00000130821",1.37006979205493,0.22847606827006,2.58413442348859
"ENSG00000131188",6.65579683549811,3.23457631365236,1.04103464589771
"ENSG00000131400",3.00180985518267,0.522796970634464,2.52150990813302
"ENSG00000131437",17.78954780805,6.79459371389973,1.38857064723274
"ENSG00000131669",43.9485783377439,8.95286712919323,2.29539481707525
"ENSG00000131746",1.0393493238513,0.518423951373515,1.00347634562093
"ENSG00000131873",22.2171478716752,8.43307768156836,1.39754247346494
"ENSG00000132329",16.978388155272,7.70384842721215,1.14004827938619
"ENSG00000132330",2.74747845409458,1.05027039636351,1.38734736412157
"ENSG00000132510",5.26774289631151,2.57268218723191,1.03391168670835
"ENSG00000133026",5.95095608760458,2.37496898670531,1.32521279784632
"ENSG00000133874",8.11994078145125,3.79099192212305,1.09889382350045
"ENSG00000134072",12.1675795813804,4.38630953519183,1.4719626810032
"ENSG00000134107",190.646666210474,94.915030828021,1.00619282633465
"ENSG00000134333",281.586829749626,111.369221972171,1.33822927430556
"ENSG00000134460",195.987572839121,42.0015873119413,2.22224642302281
"ENSG00000134802",33.1734504688582,8.5537015458731,1.95540830395146
"ENSG00000135069",39.5205319212508,18.5696886559451,1.08965273792251
"ENSG00000135245",243.233886317672,2.19505130905613,6.79194575976246
"ENSG00000135913",6.44585951949276,2.95158073939575,1.12688494005591
"ENSG00000135919",2.70937170588584,0.910566338910257,1.57312230121837
"ENSG00000136052",3.70358152143749,0.334713200803902,3.46792373752957
"ENSG00000136378",2.09543894770235,0.064202847336109,5.02847139683684
"ENSG00000136689",1.09385937975325,0.00783571102099184,7.12514737780288
"ENSG00000136868",6.46828457035725,2.92218338790365,1.14633643075684
"ENSG00000137265",35.5732140859027,17.7248084009731,1.00502129713523
"ENSG00000137331",97.7856207375149,20.4213984560262,2.25954066887564
"ENSG00000137825",1.69603616708715,0.0569740379823869,4.89571846521117
"ENSG00000138166",27.8994511180855,11.7840026625278,1.24340707791099
"ENSG00000138316",1.84306334031679,0.035867556261733,5.68328238796104
"ENSG00000138640",2.81526358545911,1.27768439421585,1.13973848964874
"ENSG00000138641",10.0751524558026,4.57502714201642,1.13894946204502
"ENSG00000139289",17.4752165084499,5.94039452130459,1.55667967643653
"ENSG00000139832",2.78598394943533,0.509704858178376,2.45045293707103
"ENSG00000140105",42.3783855559202,11.2521831628646,1.91312368582118
"ENSG00000140263",1.20038025243727,0.596504461076556,1.0088866577855
"ENSG00000140465",1.57258974992696,0.438853157829058,1.84133216250956
"ENSG00000140939",13.6051354344509,1.97195643981123,2.78645172990507
"ENSG00000140968",5.63656304317909,0.483163296779052,3.54423296097669
"ENSG00000141574",1.93600300764443,0.123274050827183,3.97314014420849
"ENSG00000141580",31.2232610756146,11.2715668018467,1.46993315473832
"ENSG00000141655",4.98618027014038,0.946889053922442,2.39666774138329
"ENSG00000141682",19.6929673667419,5.9593768821898,1.72444712094239
"ENSG00000142178",1.08316909110396,0.460263085383346,1.23472783300649
"ENSG00000142192",5.20745807654016,2.38174262730858,1.12856179662985
"ENSG00000142552",2.14486497767113,0.73077343885114,1.55339072792588
"ENSG00000142798",1.85813277787343,0.0557602546478475,5.05847263706112
"ENSG00000142949",1.53949821328112,0.0800259722949101,4.26584808253812
"ENSG00000143184",81.196619088822,38.2149414737524,1.08728283603561
"ENSG00000143185",50.7041623461841,17.2189675126517,1.55810554596157
"ENSG00000143333",13.2651820373855,0.796493505355423,4.05783806550726
"ENSG00000143545",3.48157503514395,0.777966313220665,2.16196052537375
"ENSG00000143590",1.55947610607286,0.516175052948011,1.59512912633939
"ENSG00000143847",11.1561284276805,3.52306085824116,1.66293514602532
"ENSG00000143878",2.83746545988965,0.383851527765297,2.8859825354801
"ENSG00000144381",100.248322062358,42.0438981076459,1.25360974897633
"ENSG00000144485",3.86482855691261,1.75981256590394,1.13498263938311
"ENSG00000144655",20.19420574124,3.68703063334147,2.45341009639779
"ENSG00000144843",2.62479158924088,0.871539556722115,1.59056482526393
"ENSG00000145391",1.42965680434526,0.354757622106834,2.01076327642147
"ENSG00000145632",1.57833364138362,0.0794190806276404,4.31277273631342
"ENSG00000145730",4.81161314770035,1.49695924521356,1.68448571042424
"ENSG00000145911",9.39052951045787,1.10736920193596,3.08407020702344
"ENSG00000146426",3.16188185789615,0.639449093775194,2.30588204658334
"ENSG00000147454",3.10740974395173,1.22131725790073,1.34727447464107
"ENSG00000147852",1.94712291583846,0.533033292997777,1.86904640886683
"ENSG00000147872",20.6015384529931,6.32050685680297,1.70463991562708
"ENSG00000148926",5.99701656981919,0.0117535615314878,8.99500316429382
"ENSG00000149289",3.19693625778932,1.15140284037907,1.47329730285123
"ENSG00000149922",1.70035357116903,0.686132908740753,1.30927480256997
"ENSG00000149925",193.009544549885,96.3058777082908,1.00297643627852
"ENSG00000150764",1.74304591139592,0.420477688611117,2.05150941485907
"ENSG00000151014",2.7010430276159,1.34459129872791,1.00634890358206
"ENSG00000151151",7.41446397090217,3.13213225403896,1.24319726512906
"ENSG00000151640",2.29334244114349,1.14220163310673,1.00563444129843
"ENSG00000151748",1.3129749493397,0.436149090653101,1.58994610400778
"ENSG00000152217",3.58923040439854,1.19540953349543,1.5861695838827
"ENSG00000152413",1.40774692071893,0.331098796127041,2.08805432493963
"ENSG00000152556",2.98123384169292,1.47254180464968,1.01760094976906
"ENSG00000152684",7.33329700774726,3.47675137604578,1.07672206849985
"ENSG00000153234",2.60195365215479,0.616700605296306,2.0769530965312
"ENSG00000156535",5.68792106398247,2.6726277932397,1.089642510725
"ENSG00000159128",1.7605695765701,0.611417248534453,1.52581308529219
"ENSG00000159399",30.8232575800678,6.56414525771105,2.23134027260424
"ENSG00000160013",9.01211562955403,1.53209512221796,2.55635995239209
"ENSG00000160124",18.4339352350189,6.91134366930377,1.41532596249888
"ENSG00000160183",26.9833224507269,1.60501705274921,4.07140746727965
"ENSG00000160200",2.20876232449853,0.777787644977091,1.50578996167523
"ENSG00000160360",1.03888883189381,0.51195375660388,1.02095587792165
"ENSG00000160789",11.6232571890683,1.14053268102173,3.34923472070158
"ENSG00000161958",1.88492024432212,0.425002430788883,2.14896048292071
"ENSG00000162373",13.7300012694411,0.729104486766148,4.23506236902342
"ENSG00000162433",15.7132583964626,7.66325052520232,1.03595400180315
"ENSG00000162772",8.7625621245053,1.04622776826295,3.06615580086491
"ENSG00000163568",4.89197554704643,1.12455783314612,2.12105933529382
"ENSG00000164056",15.8563977851551,5.74268132077799,1.46526865116127
"ENSG00000164105",17.7082670190225,8.20035338162741,1.11066504588154
"ENSG00000164211",37.8508889587916,14.3663142704558,1.39763720280101
"ENSG00000164236",3.85813987867305,0.592283164732425,2.70354646577062
"ENSG00000164400",67.5971992776486,2.89655216400523,4.54455492140377
"ENSG00000164403",5.82454286982223,0.546000627863804,3.4151703112756
"ENSG00000164626",4.05062234387448,1.98616450333855,1.02815846442498
"ENSG00000164674",54.8024349623342,23.8435225247784,1.20064260770671
"ENSG00000164687",7.15738894562586,1.89830284002265,1.91472321375099
"ENSG00000164746",1.16154482433477,0.283325975417003,2.03551004958026
"ENSG00000165030",46.0626657734126,9.22216369932648,2.32042072643179
"ENSG00000165912",1.81833135435363,0.226807116185068,3.00307731430146
"ENSG00000166016",9.0861051443327,0.403440780317777,4.49323317442439
"ENSG00000166086",7.50993374976242,2.00469169547331,1.90541980128379
"ENSG00000166123",3.3322312630373,0.385520479850289,3.11160912289244
"ENSG00000166145",2.38605186249238,0.870932665054845,1.45399231305944
"ENSG00000166165",4.72237155512218,0.690684596245276,2.77341260303772
"ENSG00000166171",1.87900785171219,0.924747457110824,1.02283976196966
"ENSG00000166592",1.60322705895525,0.0162783037092534,6.621884582649
"ENSG00000166689",1.10969543916118,0.064202847336109,4.11138268567888
"ENSG00000166886",7.14352281901006,2.09750632439067,1.76796055224969
"ENSG00000166920",1.1402639338192,0.218516246413624,2.3835553483516
"ENSG00000167414",35.9579565530275,0.930995042027095,5.27139374155476
"ENSG00000167642",2.2488248664098,0.789237750674944,1.51063944198961
"ENSG00000167772",21.88735098162,0.181006693393657,6.917910498693
"ENSG00000167992",1.22693747290722,0.283022529583368,2.11607292204806
"ENSG00000168209",121.603423119344,18.3589911242694,2.72762515493029
"ENSG00000168214",67.2305309906601,19.1128703780866,1.81457208503206
"ENSG00000168389",2.20212125199484,0.151609341901559,3.86046335027694
"ENSG00000168610",48.401574728167,14.249136091628,1.76417953281355
"ENSG00000169194",17.2919528330207,0.885845452512742,4.28690197245986
"ENSG00000169429",2.07538517099555,0.122363713326278,4.08413141254539
"ENSG00000169504",4.64401703052575,2.07083998540129,1.16515718259337
"ENSG00000169918",1.16419842551833,0.476844824926235,1.28774520637671
"ENSG00000170345",8.8980494337745,1.86149801093325,2.25702503890831
"ENSG00000170379",6.99411730207794,2.91540974730038,1.26244333068405
"ENSG00000170421",1.12459637556454,0.01220873028194,6.52535032549736
"ENSG00000170542",43.9850849089575,21.3975501248069,1.03956876979945
"ENSG00000170689",1.494283,0.08303349,4.16961625580429
"ENSG00000171174",1.436827,0.3708842,1.95384565155689
"ENSG00000171314",112.6132,56.29444,1.00031159875194
"ENSG00000171388",1.174022,0.08755823,3.74507284257816
"ENSG00000171552",69.77368,19.43497,1.84402804547835
"ENSG00000171604",2.029579,0.9566972,1.08504621602161
"ENSG00000171777",3.854812,0.5683209,2.76188282472763
"ENSG00000173281",4.093713,1.12155,1.86791602328212
"ENSG00000173457",23.65886,11.70391,1.01538997853919
"ENSG00000174749",1.291234,0.4161047,1.63373198324428
"ENSG00000175197",18.75084,8.495129,1.14224746663697
"ENSG00000175315",1.167251,0.07732191,3.91609373899845
"ENSG00000175592",1.52413,0.7239998,1.07392475823381
"ENSG00000176170",1.450401,0.6005471,1.27210252101302
"ENSG00000176171",69.9459,13.15614,2.41050322811114
"ENSG00000176597",1.037064,0.1629077,2.67037822842491
"ENSG00000176845",4.971771,1.034751,2.26447620450849
"ENSG00000177150",10.56522,3.26309,1.69501212450327
"ENSG00000177181",1.52426,0.2082799,2.87151348663125
"ENSG00000177469",2.709403,0.4264927,2.66738204458159
"ENSG00000177494",21.21937,4.236673,2.32437813719861
"ENSG00000177606",45.24632,9.46267,2.25748123991762
"ENSG00000178531",1.212628,0.1122791,3.43297573040895
"ENSG00000178719",12.61411,6.272377,1.00795423916797
"ENSG00000178773",2.268947,1.051306,1.10984025902381
"ENSG00000179094",7.83577,2.781319,1.49430582909001
"ENSG00000179294",3.707854,1.460637,1.34398675604759
"ENSG00000179388",2.55923,0.5423862,2.23831743195129
"ENSG00000181649",3.05622,0.3845832,2.99038075159781
"ENSG00000181788",36.53839,10.9267,1.74155531068845
"ENSG00000182749",2.167273,1.056437,1.03667415803067
"ENSG00000183010",11.65342,2.473067,2.23638018283201
"ENSG00000183395",7.86245,0.918982,3.0968704284379
"ENSG00000183780",4.485863,0.8584205,2.38562912590991
"ENSG00000183971",4.07149,0.3585507,3.50530781963153
"ENSG00000184182",21.65507,8.983424,1.26936750295956
"ENSG00000184220",6.675445,2.868369,1.21863338245043
"ENSG00000185222",1.229192,0.4083937,1.5896777664569
"ENSG00000185686",2.452778,1e-08,27.8698414211262
"ENSG00000186350",1.480839,0.3430041,2.11011706979566
"ENSG00000186352",6.722678,1.337639,2.3293472334821
"ENSG00000186806",1.475663,0.3068331,2.26583725911009
"ENSG00000186827",17.85819,2.748102,2.70007840678318
"ENSG00000186891",31.16261,7.010058,2.15231778424783
"ENSG00000186918",22.96685,6.22372,1.88370393735241
"ENSG00000187045",7.436144,0.4317761,4.10619941461032
"ENSG00000187840",29.57369,13.24123,1.15927712144904
"ENSG00000188001",1.827657,0.2476102,2.8838526914202
"ENSG00000188010",1.605781,0.728828,1.13962485774908
"ENSG00000188157",3.698965,0.7559495,2.29075988375462
"ENSG00000188290",1.610552,1e-08,27.2629800009628
"ENSG00000188389",2.298749,0.1978649,3.53826133195031
"ENSG00000188536",1.001243,1e-08,26.5772169154402
"ENSG00000188677",8.568164,2.559894,1.74290202203788
"ENSG00000188706",2.558901,1.000552,1.35472818482731
"ENSG00000196083",3.557789,1.161791,1.61463039300782
"ENSG00000196123",13.58599,5.954647,1.19003180669093
"ENSG00000196365",35.87443,10.80461,1.73130891129888
"ENSG00000196526",1.322538,0.1517611,3.12343522935894
"ENSG00000196565",1.691657,0.01220873,7.1143801340248
"ENSG00000196968",12.31431,5.710098,1.10874838119738
"ENSG00000197119",2.617253,1.275864,1.03657883699016
"ENSG00000197380",1.053329,0.03210143,5.03617474679768
"ENSG00000197461",2.284845,0.1960712,3.54264675328262
"ENSG00000197905",2.587276,0.1228189,4.39682947083597
"ENSG00000198355",58.35927,18.19052,1.68177505217568
"ENSG00000198400",4.284983,0.8001079,2.42102300519692
"ENSG00000198435",1.511085,0.4031373,1.90624163694499
"ENSG00000198734",1.134857,0.3202556,1.82521481628727
"ENSG00000199038",5.59079,2.540642,1.13785905518439
"ENSG00000199400",1.519314,0.6022969,1.33487332709062
"ENSG00000199568",2.190135,0.7447319,1.55622673965771
"ENSG00000199753",2.566142,0.3996208,2.68289742406435
"ENSG00000200070",1.101215,0.1958925,2.49096209827512
"ENSG00000200141",2.01862,0.2899209,2.79963810844694
"ENSG00000200391",2.172564,0.5032077,2.11017277360426
"ENSG00000200394",1.120784,0.4395139,1.35052756785851
"ENSG00000200537",1.152357,1e-08,26.7800124918005
"ENSG00000200677",11.01884,5.275216,1.06267028027178
"ENSG00000200815",1.592076,0.789666,1.01159472673561
"ENSG00000201343",1.133813,0.515113,1.13822186073548
"ENSG00000201699",4.72122,0.1723854,4.7754502142165
"ENSG00000201801",1.35496,0.2401048,2.49651411189098
"ENSG00000202077",2.147075,1e-08,27.6777973463078
"ENSG00000202078",2.395636,0.7650798,1.64672657947494
"ENSG00000202119",1.238879,1e-08,26.8844600469612
"ENSG00000202198",3.843984,1.198114,1.68183714469287
"ENSG00000202538",2.139843,0.1958925,3.44937088185044
"ENSG00000203364",4.984493,0.272911,4.19094431727265
"ENSG00000204128",1.720737,0.1032296,4.05909799777932
"ENSG00000204161",16.88052,7.187343,1.23182890433766
"ENSG00000204228",17.28397,7.614335,1.18264468277228
"ENSG00000204381",12.78762,1.547035,3.04717003670461
"ENSG00000204856",14.18555,6.884374,1.04302470728533
"ENSG00000205089",8.779886,3.307249,1.40857053869143
"ENSG00000205129",1.880641,0.6206185,1.59944586780404
"ENSG00000205336",1.985996,0.7906033,1.32883683500151
"ENSG00000206743",1.166244,1e-08,26.7972944179315
"ENSG00000206754",2.354968,1.158729,1.02316426352104
"ENSG00000206913",3.663175,1.625614,1.17210989227032
"ENSG00000206924",1.592076,0.2585781,2.62223720871712
"ENSG00000206952",3.026205,0.8267204,1.87203832932926
"ENSG00000207205",1.477027,0.3434592,2.10448556418935
"ENSG00000208002",1.745761,0.2860031,2.60975337350399
"ENSG00000208028",15.78109,3.803406,2.05283300090786
"ENSG00000208036",1.053704,1e-08,26.6508944100333
"ENSG00000210049",1.53604,1e-08,27.1946405448521
"ENSG00000211459",1230.797,335.3006,1.87606586243702
"ENSG00000211832",1.118584,0.5331141,1.06915735492472
"ENSG00000212297",1.033221,0.2585781,1.99847687344361
"ENSG00000212432",1.484198,0.5787359,1.35870652318652
"ENSG00000212440",2.579868,1.134214,1.18560438224167
"ENSG00000212534",2.227366,0.6552013,1.7653285161692
"ENSG00000212588",1.163081,0.2272353,2.35569269969635
"ENSG00000212864",6.017493,1.956588,1.62082255973209
"ENSG00000213700",2.457663,0.3604692,2.76933920391608
"ENSG00000213859",6.648596,2.816472,1.23916058632334
"ENSG00000213872",2.429057,1.04231,1.22061192202277
"ENSG00000213931",10.99261,1e-08,30.0338868232583
"ENSG00000213934",1.671534,1e-08,27.3165974596316
"ENSG00000214093",1.885979,0.4317491,2.12704853647225
"ENSG00000214193",5.996732,2.907877,1.04421025261418
"ENSG00000214517",6.918509,2.621821,1.39989196621824
"ENSG00000214999",1.577237,0.4374877,1.85008509862303
"ENSG00000215979",3.028588,0.734843,2.04313737695668
"ENSG00000216285",4.935734,1.962782,1.33036469974217
"ENSG00000217482",7.351158,0.1814619,5.34023295530596
"ENSG00000217801",9.266041,3.777623,1.29447433543076
"ENSG00000219249",1.279983,0.4017718,1.67167643802985
"ENSG00000221230",4.833475,1.989405,1.28072377197431
"ENSG00000221241",1.310668,0.3055923,2.10062219120092
"ENSG00000221469",1.077855,1e-08,26.6835878696094
"ENSG00000222365",11.30409,4.384651,1.36631093734215
"ENSG00000222389",1.474098,0.5915954,1.31714970011464
"ENSG00000225079",1.409727,0.105782,3.73624974264158
"ENSG00000225138",6.728797,2.242369,1.58532489252061
"ENSG00000225460",7.355228,3.666504,1.00436495005423
"ENSG00000225551",1.003796,0.2115639,2.2463007215625
"ENSG00000226107",1.264116,0.48933,1.36924921686494
"ENSG00000226380",1.300129,0.2956864,2.13651498208327
"ENSG00000226510",1.959631,0.3594341,2.44678282846002
"ENSG00000226859",3.28736,0.1621491,4.34153653380691
"ENSG00000226976",3.391275,1.540386,1.13853586170608
"ENSG00000226979",240.8854,7.931485,4.92461213979814
"ENSG00000227470",1.587529,0.7458918,1.08974467476936
"ENSG00000227706",1.32549,1e-08,26.9819505451058
"ENSG00000228037",3.389288,1.543242,1.13501792041596
"ENSG00000229162",12.8698,2.742775,2.23028145135006
"ENSG00000229169",1.67293,0.7147986,1.22676836646269
"ENSG00000229463",1.108506,0.1647284,2.75045536962764
"ENSG00000229644",19.28275,2.500947,2.94676442608944
"ENSG00000229664",9.678664,1.000802,3.27365134029903
"ENSG00000229953",1.256018,0.2952043,2.08907149842258
"ENSG00000230284",1.356427,0.3580686,1.92150349144369
"ENSG00000230432",1.52127,1e-08,27.1807009891447
"ENSG00000230612",1.084496,0.05484992,4.30539140520888
"ENSG00000230795",3.897374,0.1616939,4.59116522371482
"ENSG00000231346",1.443699,0.4709276,1.61619279957805
"ENSG00000231467",4.615487,1e-08,28.7819076399963
"ENSG00000232186",3.575113,0.8968134,1.99510910257278
"ENSG00000232956",14.22944,4.543934,1.64686510051327
"ENSG00000233381",1.775577,0.253197,2.80995570966052
"ENSG00000233534",1.225734,1e-08,26.8690706887655
"ENSG00000233538",2.347048,0.6499889,1.85236036078841
"ENSG00000233885",1.927513,0.9465856,1.02593571009033
"ENSG00000234814",3.264584,1.500574,1.12138469705872
"ENSG00000234883",79.63213,5.62079,3.82450582726345
"ENSG00000234964",9.814327,3.128019,1.64964006504765
"ENSG00000234965",3.303488,0.05876777,5.81282113897135
"ENSG00000235013",6.520701,0.3968189,4.03847442168437
"ENSG00000235204",1.063552,0.3639319,1.54715015289338
"ENSG00000235449",3.142863,1.339004,1.23091911481174
"ENSG00000236269",2.542996,1.140684,1.15663001091252
"ENSG00000236591",35.4909,1.973278,4.16878303387829
"ENSG00000237372",26.58479,5.21478,2.34992277521354
"ENSG00000237513",5.342331,1.642402,1.70166207583134
"ENSG00000237768",1.213195,0.2896444,2.0664567799867
"ENSG00000238311",4.498229,0.8198758,2.4558798262621
"ENSG00000238366",2.283151,0.5591197,2.02979719492937
"ENSG00000238421",1.047609,0.1790612,2.54857569410739
"ENSG00000238444",1.066222,0.2889397,1.88366750814101
"ENSG00000238502",1.068629,0.2808006,1.92814315061641
"ENSG00000238511",1.275061,0.5431448,1.23115749795677
"ENSG00000238533",1.105378,1e-08,26.7199645635315
"ENSG00000238713",1.610198,0.7500323,1.10221347058863
"ENSG00000238940",1.803224,1e-08,27.4260033813912
"ENSG00000238948",2.249114,1.07989,1.05847242456936
"ENSG00000239063",3.137902,1.056946,1.56989862566137
"ENSG00000239183",1.741918,0.4233335,2.04081014705402
"ENSG00000240350",6.788146,0.4864743,3.80258209896741
"ENSG00000240758",8.037454,0.8171448,3.29807492049819
"ENSG00000244265",1.388866,0.6527738,1.08925235354474
"ENSG00000244734",4.962744,1e-08,28.8865627951451
"ENSG00000246273",1.573617,0.3467702,2.18203261870456
"ENSG00000248366",1.131684,0.4427171,1.35401416693318
"ENSG00000248503",1.02737,0.349626,1.55507147138441
"ENSG00000248693",5.709453,2.502188,1.19016234395572
"ENSG00000250222",1.126391,0.4040207,1.47920659536472
"ENSG00000251196",6.346701,0.841178,2.91552385356599
"ENSG00000251726",1.414134,1e-08,27.0753435921004
"ENSG00000251728",2.640345,0.8809903,1.5835284114895
"ENSG00000251806",1.103907,1e-08,26.7180433947201
"ENSG00000251911",3.573378,1.189573,1.58684472582925
"ENSG00000251922",33.20948,12.92803,1.36109268200294
"ENSG00000251971",1.577344,0.2977566,2.40529193712103
"ENSG00000252096",1.70211,0.6229921,1.45003850113188
"ENSG00000252367",11.75046,2.499841,2.23280899398335
"ENSG00000252750",1.865218,0.8749583,1.0920580916691
"ENSG00000253633",3.547827,0.2795598,3.66570683750689
"ENSG00000253824",4.086144,1e-08,28.6061648061522
"ENSG00000253842",1.22637,1e-08,26.869819069802
"ENSG00000253882",1.676557,0.7722278,1.1184031360951
"ENSG00000254364",1.16225,1e-08,26.7923451849558
"ENSG00000254521",8.235664,0.7844365,3.39215640073998
"ENSG00000254615",2.143638,1.036089,1.04891336007258
"ENSG00000255092",2.765171,0.9531097,1.53665452185842
"ENSG00000258469",1.834559,0.3327408,2.46296262035227
"ENSG00000258581",1.11623,0.4890535,1.19057012363081
"ENSG00000259155",2.668113,0.7506392,1.82962823092378
"ENSG00000259330",4.796368,1.99574,1.26501857114752
"ENSG00000259924",1.465839,0.7062312,1.05351419094248
"ENSG00000260583",3.581108,0.607169,2.56023598988573
"ENSG00000260708",5.626041,2.329017,1.27239889625796
"ENSG00000261267",1.922766,0.7714153,1.31760353253407
"ENSG00000261270",3.240519,1.460788,1.14947807386241
"ENSG00000261544",1.150432,0.4670637,1.30048448199254
"ENSG00000263535",30.9605,9.712849,1.67246233246063
"ENSG00000263597",1.553708,0.524975,1.5653947662272
"ENSG00000264095",1.179484,1e-08,26.8135806072844
"ENSG00000264377",2.008742,0.3947486,2.34728622364473
"ENSG00000264419",1.971117,0.6346918,1.63488530454188
"ENSG00000265462",1.398751,0.6508992,1.10363311644982
"ENSG00000265589",3.491211,1.097187,1.66991811872596
"ENSG00000266038",1.356564,0.3540529,1.93792027422871
"ENSG00000266705",1.201102,1e-08,26.8397834319123
"ENSG00000266712",1.795154,0.6699524,1.42197711203678
"ENSG00000266758",1.099888,0.3212638,1.77552629146004
"ENSG00000267108",1.152212,0.3418442,1.75299533558069
"ENSG00000267766",2.130071,0.552373,1.94718681200617
"ENSG00000269952",2.80468,1.014403,1.46720525868564
"ENSG00000270103",1.101934,1e-08,26.7154625758173
"ENSG00000270640",1.106705,0.09766977,3.50221480327961
"ENSG00000271905",3.189356,0.9966612,1.67809007147526
"ENSG00000271924",2.306271,0.7130488,1.69348932678375
"ENSG00000272016",7.103467,1.425652,2.31690147031347
"ENSG00000272405",1.109197,0.5179688,1.09857851500682
"ENSG00000272482",5.105606,1.404654,1.86186740536993
"ENSG00000272533",1.915681,0.2278961,3.07140920189558
"ENSG00000272543",1.317269,1e-08,26.9729747480782
"ENSG00000272870",6.495701,2.791886,1.21824519241614
"ENSG00000272977",1.367385,0.6759235,1.01648762556895
"ENSG00000273004",1.390354,0.678931,1.03411539092551
"ENSG00000273443",5.623979,1.536896,1.87157166457808
"ENSG00000273445",6.497358,1.681277,1.95029576247367
